{
    "Routes": [
        {
            "DownstreamPathTemplate": "/api/Trainer/GetTrainer",
            "DownstreamScheme": "http",
            "DownstreamHostAndPorts": [
                {
                    "Host": "localhost",
                    "Port": 5118
                }
            ],
            "UpstreamPathTemplate": "/Trainerlist",
            "UpstreamHttpMethod": [
                "GET"
            ]
        },
        {
            "DownstreamPathTemplate": "/api/Trainee/GetTrainee",
            "DownstreamScheme": "http",
            "DownstreamHostAndPorts": [
                {
                    "Host": "localhost",
                    "Port": 5250
                }
            ],
            "UpstreamPathTemplate": "/Traineelist",
            "UpstreamHttpMethod": [
                "GET"
            ]
        }
    ],
    "GlobalConfiguration": {
        "BaseUrl": "https://localhost:5000"
    }
}
